Date,Close
1/2/2014 16:00:00,3.95
1/3/2014 16:00:00,4
1/6/2014 16:00:00,4.13
1/7/2014 16:00:00,4.18
1/8/2014 16:00:00,4.18
1/9/2014 16:00:00,4.09
1/10/2014 16:00:00,4.17
1/13/2014 16:00:00,4.13
1/14/2014 16:00:00,4.3
1/15/2014 16:00:00,4.47
1/16/2014 16:00:00,4.38
1/17/2014 16:00:00,4.18
1/21/2014 16:00:00,4.17
1/22/2014 16:00:00,3.67
1/23/2014 16:00:00,3.62
1/24/2014 16:00:00,3.47
1/27/2014 16:00:00,3.41
1/28/2014 16:00:00,3.54
1/29/2014 16:00:00,3.48
1/30/2014 16:00:00,3.48
1/31/2014 16:00:00,3.43
2/3/2014 16:00:00,3.33
2/4/2014 16:00:00,3.37
2/5/2014 16:00:00,3.31
2/6/2014 16:00:00,3.41
2/7/2014 16:00:00,3.47
2/10/2014 16:00:00,3.63
2/11/2014 16:00:00,3.7
2/12/2014 16:00:00,3.69
2/13/2014 16:00:00,3.7
2/14/2014 16:00:00,3.69
2/18/2014 16:00:00,3.7
2/19/2014 16:00:00,3.72
2/20/2014 16:00:00,3.69
2/21/2014 16:00:00,3.69
2/24/2014 16:00:00,3.71
2/25/2014 16:00:00,3.69
2/26/2014 16:00:00,3.7
2/27/2014 16:00:00,3.71
2/28/2014 16:00:00,3.71
3/3/2014 16:00:00,3.67
3/4/2014 16:00:00,3.7
3/5/2014 16:00:00,3.71
3/6/2014 16:00:00,3.73
3/7/2014 16:00:00,3.95
3/10/2014 16:00:00,3.81
3/11/2014 16:00:00,3.85
3/12/2014 16:00:00,3.91
3/13/2014 16:00:00,3.86
3/14/2014 16:00:00,3.85
3/17/2014 16:00:00,3.8
3/18/2014 16:00:00,3.89
3/19/2014 16:00:00,3.98
3/20/2014 16:00:00,4.05
3/21/2014 16:00:00,4.04
3/24/2014 16:00:00,4.05
3/25/2014 16:00:00,4.05
3/26/2014 16:00:00,4.05
3/27/2014 16:00:00,3.91
3/28/2014 16:00:00,3.88
3/31/2014 16:00:00,4.01
4/1/2014 16:00:00,4.07
4/2/2014 16:00:00,4.06
4/3/2014 16:00:00,4
4/4/2014 16:00:00,4.01
4/7/2014 16:00:00,3.88
4/8/2014 16:00:00,3.99
4/9/2014 16:00:00,3.98
4/10/2014 16:00:00,3.85
4/11/2014 16:00:00,3.65
4/14/2014 16:00:00,3.71
4/15/2014 16:00:00,3.79
4/16/2014 16:00:00,3.76
4/17/2014 16:00:00,3.69
4/21/2014 16:00:00,4.12
4/22/2014 16:00:00,4.3
4/23/2014 16:00:00,4.25
4/24/2014 16:00:00,4.28
4/25/2014 16:00:00,4.05
4/28/2014 16:00:00,3.96
4/29/2014 16:00:00,4.03
4/30/2014 16:00:00,4.09
5/1/2014 16:00:00,4.2
5/2/2014 16:00:00,4.12
5/5/2014 16:00:00,4.09
5/6/2014 16:00:00,4.01
5/7/2014 16:00:00,3.97
5/8/2014 16:00:00,3.93
5/9/2014 16:00:00,3.87
5/12/2014 16:00:00,3.97
5/13/2014 16:00:00,4.03
5/14/2014 16:00:00,3.98
5/15/2014 16:00:00,3.96
5/16/2014 16:00:00,4.02
5/19/2014 16:00:00,4.09
5/20/2014 16:00:00,4.05
5/21/2014 16:00:00,4.1
5/22/2014 16:00:00,4.01
5/23/2014 16:00:00,4.02
5/27/2014 16:00:00,4.04
5/28/2014 16:00:00,4
5/29/2014 16:00:00,4.03
5/30/2014 16:00:00,4
6/2/2014 16:00:00,3.97
6/3/2014 16:00:00,3.94
6/4/2014 16:00:00,4.04
6/5/2014 16:00:00,4.08
6/6/2014 16:00:00,4.06
6/9/2014 16:00:00,4.07
6/10/2014 16:00:00,4.2
6/11/2014 16:00:00,4.29
6/12/2014 16:00:00,4.29
6/13/2014 16:00:00,4.28
6/16/2014 16:00:00,4.44
6/17/2014 16:00:00,4.47
6/18/2014 16:00:00,4.4
6/19/2014 16:00:00,4.36
6/20/2014 16:00:00,4.1
6/23/2014 16:00:00,4.01
6/24/2014 16:00:00,3.94
6/25/2014 16:00:00,3.96
6/26/2014 16:00:00,4.03
6/27/2014 16:00:00,4.11
6/30/2014 16:00:00,4.19
7/1/2014 16:00:00,4.22
7/2/2014 16:00:00,4.34
7/3/2014 16:00:00,4.24
7/7/2014 16:00:00,4.26
7/8/2014 16:00:00,4.22
7/9/2014 16:00:00,4.23
7/10/2014 16:00:00,4.29
7/11/2014 16:00:00,4.37
7/14/2014 16:00:00,4.64
7/15/2014 16:00:00,4.53
7/16/2014 16:00:00,4.66
7/17/2014 16:00:00,4.57
7/18/2014 16:00:00,3.83
7/21/2014 16:00:00,3.78
7/22/2014 16:00:00,3.8
7/23/2014 16:00:00,3.76
7/24/2014 16:00:00,3.73
7/25/2014 16:00:00,3.76
7/28/2014 16:00:00,3.73
7/29/2014 16:00:00,3.79
7/30/2014 16:00:00,3.82
7/31/2014 16:00:00,3.91
8/1/2014 16:00:00,3.97
8/4/2014 16:00:00,4
8/5/2014 16:00:00,4.08
8/6/2014 16:00:00,4.12
8/7/2014 16:00:00,4.1
8/8/2014 16:00:00,4.12
8/11/2014 16:00:00,4.14
8/12/2014 16:00:00,4.08
8/13/2014 16:00:00,4.11
8/14/2014 16:00:00,4.08
8/15/2014 16:00:00,4.13
8/18/2014 16:00:00,4.21
8/19/2014 16:00:00,4.27
8/20/2014 16:00:00,4.28
8/21/2014 16:00:00,4.24
8/22/2014 16:00:00,4.25
8/25/2014 16:00:00,4.18
8/26/2014 16:00:00,4.19
8/27/2014 16:00:00,4.16
8/28/2014 16:00:00,4.14
8/29/2014 16:00:00,4.17
9/2/2014 16:00:00,4.16
9/3/2014 16:00:00,4.19
9/4/2014 16:00:00,4.15
9/5/2014 16:00:00,4.15
9/8/2014 16:00:00,4.13
9/9/2014 16:00:00,4.08
9/10/2014 16:00:00,4.08
9/11/2014 16:00:00,4.08
9/12/2014 16:00:00,3.96
9/15/2014 16:00:00,3.91
9/16/2014 16:00:00,3.81
9/17/2014 16:00:00,3.82
9/18/2014 16:00:00,3.88
9/19/2014 16:00:00,3.81
9/22/2014 16:00:00,3.76
9/23/2014 16:00:00,3.69
9/24/2014 16:00:00,3.7
9/25/2014 16:00:00,3.63
9/26/2014 16:00:00,3.6
9/29/2014 16:00:00,3.55
9/30/2014 16:00:00,3.41
10/1/2014 16:00:00,3.35
10/2/2014 16:00:00,3.39
10/3/2014 16:00:00,3.4
10/6/2014 16:00:00,3.36
10/7/2014 16:00:00,3.28
10/8/2014 16:00:00,3.28
10/9/2014 16:00:00,2.95
10/10/2014 16:00:00,2.72
10/13/2014 16:00:00,2.74
10/14/2014 16:00:00,2.62
10/15/2014 16:00:00,2.61
10/16/2014 16:00:00,2.64
10/17/2014 16:00:00,2.72
10/20/2014 16:00:00,2.67
10/21/2014 16:00:00,2.77
10/22/2014 16:00:00,2.64
10/23/2014 16:00:00,2.69
10/24/2014 16:00:00,2.68
10/27/2014 16:00:00,2.66
10/28/2014 16:00:00,2.72
10/29/2014 16:00:00,2.77
10/30/2014 16:00:00,2.75
10/31/2014 16:00:00,2.8
11/3/2014 16:00:00,2.87
11/4/2014 16:00:00,2.83
11/5/2014 16:00:00,2.8
11/6/2014 16:00:00,2.76
11/7/2014 16:00:00,2.78
11/10/2014 16:00:00,2.76
11/11/2014 16:00:00,2.73
11/12/2014 16:00:00,2.71
11/13/2014 16:00:00,2.66
11/14/2014 16:00:00,2.61
11/17/2014 16:00:00,2.67
11/18/2014 16:00:00,2.65
11/19/2014 16:00:00,2.63
11/20/2014 16:00:00,2.69
11/21/2014 16:00:00,2.77
11/24/2014 16:00:00,2.83
11/25/2014 16:00:00,2.83
11/26/2014 16:00:00,2.84
11/28/2014 16:00:00,2.79
12/1/2014 16:00:00,2.67
12/2/2014 16:00:00,2.68
12/3/2014 16:00:00,2.74
12/4/2014 16:00:00,2.69
12/5/2014 16:00:00,2.66
12/8/2014 16:00:00,2.58
12/9/2014 16:00:00,2.59
12/10/2014 16:00:00,2.48
12/11/2014 16:00:00,2.49
12/12/2014 16:00:00,2.52
12/15/2014 16:00:00,2.47
12/16/2014 16:00:00,2.5
12/17/2014 16:00:00,2.55
12/18/2014 16:00:00,2.55
12/19/2014 16:00:00,2.57
12/22/2014 16:00:00,2.66
12/23/2014 16:00:00,2.67
12/24/2014 16:00:00,2.65
12/26/2014 16:00:00,2.65
12/29/2014 16:00:00,2.66
12/30/2014 16:00:00,2.63
12/31/2014 16:00:00,2.67
1/2/2015 16:00:00,2.69
1/5/2015 16:00:00,2.66
1/6/2015 16:00:00,2.63
1/7/2015 16:00:00,2.58
1/8/2015 16:00:00,2.61
1/9/2015 16:00:00,2.63
1/12/2015 16:00:00,2.63
1/13/2015 16:00:00,2.66
1/14/2015 16:00:00,2.63
1/15/2015 16:00:00,2.52
1/16/2015 16:00:00,2.39
1/20/2015 16:00:00,2.24
1/21/2015 16:00:00,2.45
1/22/2015 16:00:00,2.47
1/23/2015 16:00:00,2.45
1/26/2015 16:00:00,2.61
1/27/2015 16:00:00,2.7
1/28/2015 16:00:00,2.63
1/29/2015 16:00:00,2.61
1/30/2015 16:00:00,2.57
2/2/2015 16:00:00,2.67
2/3/2015 16:00:00,2.76
2/4/2015 16:00:00,2.85
2/5/2015 16:00:00,3.31
2/6/2015 16:00:00,3.03
2/9/2015 16:00:00,3.04
2/10/2015 16:00:00,3.04
2/11/2015 16:00:00,3.07
2/12/2015 16:00:00,3.12
2/13/2015 16:00:00,3.15
2/17/2015 16:00:00,3.11
2/18/2015 16:00:00,3.08
2/19/2015 16:00:00,3.06
2/20/2015 16:00:00,3.06
2/23/2015 16:00:00,3.06
2/24/2015 16:00:00,3.11
2/25/2015 16:00:00,3.1
2/26/2015 16:00:00,3.08
2/27/2015 16:00:00,3.11
3/2/2015 16:00:00,3.21
3/3/2015 16:00:00,3.14
3/4/2015 16:00:00,3.05
3/5/2015 16:00:00,2.98
3/6/2015 16:00:00,2.92
3/9/2015 16:00:00,2.93
3/10/2015 16:00:00,2.92
3/11/2015 16:00:00,2.84
3/12/2015 16:00:00,2.76
3/13/2015 16:00:00,2.75
3/16/2015 16:00:00,2.76
3/17/2015 16:00:00,2.77
3/18/2015 16:00:00,2.75
3/19/2015 16:00:00,2.74
3/20/2015 16:00:00,2.8
3/23/2015 16:00:00,2.84
3/24/2015 16:00:00,2.79
3/25/2015 16:00:00,2.63
3/26/2015 16:00:00,2.65
3/27/2015 16:00:00,2.72
3/30/2015 16:00:00,2.7
3/31/2015 16:00:00,2.68
4/1/2015 16:00:00,2.69
4/2/2015 16:00:00,2.69
4/6/2015 16:00:00,2.7
4/7/2015 16:00:00,2.7
4/8/2015 16:00:00,2.71
4/9/2015 16:00:00,2.72
4/10/2015 16:00:00,2.76
4/13/2015 16:00:00,2.78
4/14/2015 16:00:00,2.67
4/15/2015 16:00:00,2.7
4/16/2015 16:00:00,2.87
4/17/2015 16:00:00,2.58
4/20/2015 16:00:00,2.49
4/21/2015 16:00:00,2.35
4/22/2015 16:00:00,2.28
4/23/2015 16:00:00,2.33
4/24/2015 16:00:00,2.3
4/27/2015 16:00:00,2.34
4/28/2015 16:00:00,2.31
4/29/2015 16:00:00,2.28
4/30/2015 16:00:00,2.26
5/1/2015 16:00:00,2.31
5/4/2015 16:00:00,2.31
5/5/2015 16:00:00,2.28
5/6/2015 16:00:00,2.29
5/7/2015 16:00:00,2.32
5/8/2015 16:00:00,2.31
5/11/2015 16:00:00,2.32
5/12/2015 16:00:00,2.35
5/13/2015 16:00:00,2.37
5/14/2015 16:00:00,2.33
5/15/2015 16:00:00,2.32
5/18/2015 16:00:00,2.35
5/19/2015 16:00:00,2.28
5/20/2015 16:00:00,2.32
5/21/2015 16:00:00,2.28
5/22/2015 16:00:00,2.28
5/26/2015 16:00:00,2.22
5/27/2015 16:00:00,2.28
5/28/2015 16:00:00,2.27
5/29/2015 16:00:00,2.28
6/1/2015 16:00:00,2.25
6/2/2015 16:00:00,2.3
6/3/2015 16:00:00,2.28
6/4/2015 16:00:00,2.33
6/5/2015 16:00:00,2.33
6/8/2015 16:00:00,2.31
6/9/2015 16:00:00,2.29
6/10/2015 16:00:00,2.32
6/11/2015 16:00:00,2.32
6/12/2015 16:00:00,2.31
6/15/2015 16:00:00,2.32
6/16/2015 16:00:00,2.35
6/17/2015 16:00:00,2.47
6/18/2015 16:00:00,2.52
6/19/2015 16:00:00,2.58
6/22/2015 16:00:00,2.62
6/23/2015 16:00:00,2.61
6/24/2015 16:00:00,2.62
6/25/2015 16:00:00,2.58
6/26/2015 16:00:00,2.47
6/29/2015 16:00:00,2.34
6/30/2015 16:00:00,2.4
7/1/2015 16:00:00,2.42
7/2/2015 16:00:00,2.53
7/6/2015 16:00:00,2.47
7/7/2015 16:00:00,2.09
7/8/2015 16:00:00,2.01
7/9/2015 16:00:00,1.98
7/10/2015 16:00:00,1.96
7/13/2015 16:00:00,1.96
7/14/2015 16:00:00,2.05
7/15/2015 16:00:00,1.96
7/16/2015 16:00:00,1.87
7/17/2015 16:00:00,1.79
7/20/2015 16:00:00,1.8
7/21/2015 16:00:00,1.8
7/22/2015 16:00:00,1.79
7/23/2015 16:00:00,1.76
7/24/2015 16:00:00,1.67
7/27/2015 16:00:00,1.62
7/28/2015 16:00:00,1.77
7/29/2015 16:00:00,1.96
7/30/2015 16:00:00,1.93
7/31/2015 16:00:00,1.93
8/3/2015 16:00:00,2.2
8/4/2015 16:00:00,2.13
8/5/2015 16:00:00,2.16
8/6/2015 16:00:00,2.11
8/7/2015 16:00:00,2.09
8/10/2015 16:00:00,1.93
8/11/2015 16:00:00,1.9
8/12/2015 16:00:00,1.9
8/13/2015 16:00:00,1.79
8/14/2015 16:00:00,1.84
8/17/2015 16:00:00,1.8
8/18/2015 16:00:00,1.8
8/19/2015 16:00:00,1.8
8/20/2015 16:00:00,1.7
8/21/2015 16:00:00,1.78
8/24/2015 16:00:00,1.75
8/25/2015 16:00:00,1.66
8/26/2015 16:00:00,1.72
8/27/2015 16:00:00,1.78
8/28/2015 16:00:00,1.85
8/31/2015 16:00:00,1.81
9/1/2015 16:00:00,1.71
9/2/2015 16:00:00,1.77
9/3/2015 16:00:00,1.79
9/4/2015 16:00:00,1.82
9/8/2015 16:00:00,1.88
9/9/2015 16:00:00,1.85
9/10/2015 16:00:00,1.84
9/11/2015 16:00:00,2.01
9/14/2015 16:00:00,1.82
9/15/2015 16:00:00,1.86
9/16/2015 16:00:00,1.89
9/17/2015 16:00:00,1.89
9/18/2015 16:00:00,1.87
9/21/2015 16:00:00,1.81
9/22/2015 16:00:00,1.73
9/23/2015 16:00:00,1.7
9/24/2015 16:00:00,1.72
9/25/2015 16:00:00,1.71
9/28/2015 16:00:00,1.66
9/29/2015 16:00:00,1.67
9/30/2015 16:00:00,1.72
10/1/2015 16:00:00,1.74
10/2/2015 16:00:00,1.83
10/5/2015 16:00:00,1.8
10/6/2015 16:00:00,1.83
10/7/2015 16:00:00,1.86
10/8/2015 16:00:00,1.93
10/9/2015 16:00:00,1.96
10/12/2015 16:00:00,1.87
10/13/2015 16:00:00,1.92
10/14/2015 16:00:00,1.95
10/15/2015 16:00:00,1.97
10/16/2015 16:00:00,1.94
10/19/2015 16:00:00,2.01
10/20/2015 16:00:00,2.02
10/21/2015 16:00:00,2.1
10/22/2015 16:00:00,2.14
10/23/2015 16:00:00,2.21
10/26/2015 16:00:00,2.15
10/27/2015 16:00:00,2.15
10/28/2015 16:00:00,2.18
10/29/2015 16:00:00,2.13
10/30/2015 16:00:00,2.12
11/2/2015 16:00:00,2.19
11/3/2015 16:00:00,2.28
11/4/2015 16:00:00,2.2
11/5/2015 16:00:00,2.2
11/6/2015 16:00:00,2.15
11/9/2015 16:00:00,2.11
11/10/2015 16:00:00,2.02
11/11/2015 16:00:00,2.07
11/12/2015 16:00:00,2
11/13/2015 16:00:00,1.99
11/16/2015 16:00:00,1.99
11/17/2015 16:00:00,1.98
11/18/2015 16:00:00,2.12
11/19/2015 16:00:00,2.14
11/20/2015 16:00:00,2.22
11/23/2015 16:00:00,2.22
11/24/2015 16:00:00,2.34
11/25/2015 16:00:00,2.38
11/27/2015 16:00:00,2.33
11/30/2015 16:00:00,2.36
12/1/2015 16:00:00,2.34
12/2/2015 16:00:00,2.27
12/3/2015 16:00:00,2.23
12/4/2015 16:00:00,2.28
12/7/2015 16:00:00,2.36
12/8/2015 16:00:00,2.39
12/9/2015 16:00:00,2.35
12/10/2015 16:00:00,2.45
12/11/2015 16:00:00,2.36
12/14/2015 16:00:00,2.34
12/15/2015 16:00:00,2.36
12/16/2015 16:00:00,2.54
12/17/2015 16:00:00,2.56
12/18/2015 16:00:00,2.45
12/21/2015 16:00:00,2.53
12/22/2015 16:00:00,2.77
12/23/2015 16:00:00,2.83
12/24/2015 16:00:00,2.92
12/28/2015 16:00:00,3
12/29/2015 16:00:00,3
12/30/2015 16:00:00,2.98
12/31/2015 16:00:00,2.87
1/4/2016 16:00:00,2.77
1/5/2016 16:00:00,2.75
1/6/2016 16:00:00,2.51
1/7/2016 16:00:00,2.28
1/8/2016 16:00:00,2.14
1/11/2016 16:00:00,2.34
1/12/2016 16:00:00,2.39
1/13/2016 16:00:00,2.25
1/14/2016 16:00:00,2.21
1/15/2016 16:00:00,2.03
1/19/2016 16:00:00,1.95
1/20/2016 16:00:00,1.8
1/21/2016 16:00:00,2.09
1/22/2016 16:00:00,2.02
1/25/2016 16:00:00,2.12
1/26/2016 16:00:00,2.07
1/27/2016 16:00:00,2.13
1/28/2016 16:00:00,2.08
1/29/2016 16:00:00,2.2
2/1/2016 16:00:00,2.14
2/2/2016 16:00:00,1.99
2/3/2016 16:00:00,2.07
2/4/2016 16:00:00,2.09
2/5/2016 16:00:00,1.98
2/8/2016 16:00:00,1.93
2/9/2016 16:00:00,1.9
2/10/2016 16:00:00,1.84
2/11/2016 16:00:00,1.86
2/12/2016 16:00:00,1.83
2/16/2016 16:00:00,1.83
2/17/2016 16:00:00,1.9
2/18/2016 16:00:00,1.91
2/19/2016 16:00:00,1.91
2/22/2016 16:00:00,2.01
2/23/2016 16:00:00,1.97
2/24/2016 16:00:00,2.02
2/25/2016 16:00:00,2.03
2/26/2016 16:00:00,2.07
2/29/2016 16:00:00,2.14
3/1/2016 16:00:00,2.18
3/2/2016 16:00:00,2.32
3/3/2016 16:00:00,2.46
3/4/2016 16:00:00,2.37
3/7/2016 16:00:00,2.47
3/8/2016 16:00:00,2.3
3/9/2016 16:00:00,2.26
3/10/2016 16:00:00,2.26
3/11/2016 16:00:00,2.52
3/14/2016 16:00:00,2.72
3/15/2016 16:00:00,2.49
3/16/2016 16:00:00,2.63
3/17/2016 16:00:00,2.8
3/18/2016 16:00:00,2.93
3/21/2016 16:00:00,2.8
3/22/2016 16:00:00,2.79
3/23/2016 16:00:00,2.68
3/24/2016 16:00:00,2.79
3/28/2016 16:00:00,2.78
3/29/2016 16:00:00,2.86
3/30/2016 16:00:00,2.86
3/31/2016 16:00:00,2.85
4/1/2016 16:00:00,2.83
4/4/2016 16:00:00,2.83
4/5/2016 16:00:00,2.76
4/6/2016 16:00:00,2.8
4/7/2016 16:00:00,2.64
4/8/2016 16:00:00,2.74
4/11/2016 16:00:00,2.76
4/12/2016 16:00:00,2.81
4/13/2016 16:00:00,2.8
4/14/2016 16:00:00,2.72
4/15/2016 16:00:00,2.7
4/18/2016 16:00:00,2.76
4/19/2016 16:00:00,2.62
4/20/2016 16:00:00,2.7
4/21/2016 16:00:00,2.62
4/22/2016 16:00:00,3.99
4/25/2016 16:00:00,3.45
4/26/2016 16:00:00,3.66
4/27/2016 16:00:00,3.73
4/28/2016 16:00:00,3.61
4/29/2016 16:00:00,3.55
5/2/2016 16:00:00,3.74
5/3/2016 16:00:00,3.6
5/4/2016 16:00:00,3.6
5/5/2016 16:00:00,3.66
5/6/2016 16:00:00,3.68
5/9/2016 16:00:00,3.65
5/10/2016 16:00:00,3.64
5/11/2016 16:00:00,3.65
5/12/2016 16:00:00,3.59
5/13/2016 16:00:00,3.67
5/16/2016 16:00:00,3.79
5/17/2016 16:00:00,3.79
5/18/2016 16:00:00,3.84
5/19/2016 16:00:00,3.77
5/20/2016 16:00:00,3.87
5/23/2016 16:00:00,4.04
5/24/2016 16:00:00,4.2
5/25/2016 16:00:00,4.18
5/26/2016 16:00:00,4.35
5/27/2016 16:00:00,4.6
5/31/2016 16:00:00,4.57
6/1/2016 16:00:00,4.43
6/2/2016 16:00:00,4.24
6/3/2016 16:00:00,4.16
6/6/2016 16:00:00,4.47
6/7/2016 16:00:00,4.51
6/8/2016 16:00:00,4.46
6/9/2016 16:00:00,4.52
6/10/2016 16:00:00,4.32
6/13/2016 16:00:00,4.4
6/14/2016 16:00:00,4.39
6/15/2016 16:00:00,4.42
6/16/2016 16:00:00,4.75
6/17/2016 16:00:00,5.26
6/20/2016 16:00:00,5.1
6/21/2016 16:00:00,5.45
6/22/2016 16:00:00,5.02
6/23/2016 16:00:00,5.21
6/24/2016 16:00:00,4.88
6/27/2016 16:00:00,4.72
6/28/2016 16:00:00,5.12
6/29/2016 16:00:00,5.13
6/30/2016 16:00:00,5.14
7/1/2016 16:00:00,5.07
7/5/2016 16:00:00,4.96
7/6/2016 16:00:00,5.04
7/7/2016 16:00:00,5.02
7/8/2016 16:00:00,5.1
7/11/2016 16:00:00,5.01
7/12/2016 16:00:00,5.14
7/13/2016 16:00:00,5.09
7/14/2016 16:00:00,5.17
7/15/2016 16:00:00,5.14
7/18/2016 16:00:00,5.51
7/19/2016 16:00:00,5.41
7/20/2016 16:00:00,5.41
7/21/2016 16:00:00,5.22
7/22/2016 16:00:00,5.84
7/25/2016 16:00:00,6.7
7/26/2016 16:00:00,6.98
7/27/2016 16:00:00,6.85
7/28/2016 16:00:00,6.82
7/29/2016 16:00:00,6.86
8/1/2016 16:00:00,6.64
8/2/2016 16:00:00,6.26
8/3/2016 16:00:00,6.3
8/4/2016 16:00:00,6.47
8/5/2016 16:00:00,6.61
8/8/2016 16:00:00,6.68
8/9/2016 16:00:00,6.6
8/10/2016 16:00:00,6.49
8/11/2016 16:00:00,6.58
8/12/2016 16:00:00,6.73
8/15/2016 16:00:00,6.95
8/16/2016 16:00:00,6.78
8/17/2016 16:00:00,6.68
8/18/2016 16:00:00,7.04
8/19/2016 16:00:00,7.62
8/22/2016 16:00:00,7.58
8/23/2016 16:00:00,7.67
8/24/2016 16:00:00,7.43
8/25/2016 16:00:00,7.47
8/26/2016 16:00:00,7.67
8/29/2016 16:00:00,7.59
8/30/2016 16:00:00,7.49
8/31/2016 16:00:00,7.4
9/1/2016 16:00:00,7.35
9/2/2016 16:00:00,7.51
9/6/2016 16:00:00,7.34
9/7/2016 16:00:00,6.84
9/8/2016 16:00:00,6.23
9/9/2016 16:00:00,5.9
9/12/2016 16:00:00,5.94
9/13/2016 16:00:00,5.74
9/14/2016 16:00:00,6.04
9/15/2016 16:00:00,6.02
9/16/2016 16:00:00,6.05
9/19/2016 16:00:00,6.16
9/20/2016 16:00:00,6.17
9/21/2016 16:00:00,6.29
9/22/2016 16:00:00,6.37
9/23/2016 16:00:00,6.55
9/26/2016 16:00:00,6.32
9/27/2016 16:00:00,6.54
9/28/2016 16:00:00,6.59
9/29/2016 16:00:00,6.67
9/30/2016 16:00:00,6.91
10/3/2016 16:00:00,6.95
10/4/2016 16:00:00,6.97
10/5/2016 16:00:00,6.78
10/6/2016 16:00:00,6.96
10/7/2016 16:00:00,6.75
10/10/2016 16:00:00,6.84
10/11/2016 16:00:00,6.5
10/12/2016 16:00:00,6.62
10/13/2016 16:00:00,6.49
10/14/2016 16:00:00,6.75
10/17/2016 16:00:00,6.67
10/18/2016 16:00:00,6.73
10/19/2016 16:00:00,6.77
10/20/2016 16:00:00,6.96
10/21/2016 16:00:00,6.52
10/24/2016 16:00:00,7.01
10/25/2016 16:00:00,7.5
10/26/2016 16:00:00,7.29
10/27/2016 16:00:00,7.11
10/28/2016 16:00:00,7.2
10/31/2016 16:00:00,7.23
11/1/2016 16:00:00,7.09
11/2/2016 16:00:00,6.76
11/3/2016 16:00:00,6.7
11/4/2016 16:00:00,6.56
11/7/2016 16:00:00,6.96
11/8/2016 16:00:00,7
11/9/2016 16:00:00,6.94
11/10/2016 16:00:00,6.3
11/11/2016 16:00:00,6.69
11/14/2016 16:00:00,6.79
11/15/2016 16:00:00,6.97
11/16/2016 16:00:00,7.67
11/17/2016 16:00:00,8.46
11/18/2016 16:00:00,8.71
11/21/2016 16:00:00,8.94
11/22/2016 16:00:00,8.69
11/23/2016 16:00:00,8.8
11/25/2016 16:00:00,8.77
11/28/2016 16:00:00,8.83
11/29/2016 16:00:00,8.93
11/30/2016 16:00:00,8.91
12/1/2016 16:00:00,8.39
12/2/2016 16:00:00,8.53
12/5/2016 16:00:00,8.68
12/6/2016 16:00:00,9.45
12/7/2016 16:00:00,9.56
12/8/2016 16:00:00,10.34
12/9/2016 16:00:00,10.34
12/12/2016 16:00:00,10.68
12/13/2016 16:00:00,10.54
12/14/2016 16:00:00,10.55
12/15/2016 16:00:00,10.86
12/16/2016 16:00:00,10.66
12/19/2016 16:00:00,10.95
12/20/2016 16:00:00,11.51
12/21/2016 16:00:00,11.47
12/22/2016 16:00:00,11.6
12/23/2016 16:00:00,11.58
12/27/2016 16:00:00,12.07
12/28/2016 16:00:00,11.55
12/29/2016 16:00:00,11.59
12/30/2016 16:00:00,11.34
1/3/2017 16:00:00,11.43
1/4/2017 16:00:00,11.43
1/5/2017 16:00:00,11.24
1/6/2017 16:00:00,11.32
1/9/2017 16:00:00,11.49
1/10/2017 16:00:00,11.44
1/11/2017 16:00:00,11.2
1/12/2017 16:00:00,10.76
1/13/2017 16:00:00,10.58
1/17/2017 16:00:00,9.82
1/18/2017 16:00:00,9.88
1/19/2017 16:00:00,9.77
1/20/2017 16:00:00,9.75
1/23/2017 16:00:00,9.91
1/24/2017 16:00:00,10.44
1/25/2017 16:00:00,10.35
1/26/2017 16:00:00,10.52
1/27/2017 16:00:00,10.67
1/30/2017 16:00:00,10.61
1/31/2017 16:00:00,10.37
2/1/2017 16:00:00,12.06
2/2/2017 16:00:00,12.28
2/3/2017 16:00:00,12.24
2/6/2017 16:00:00,13.63
2/7/2017 16:00:00,13.29
2/8/2017 16:00:00,13.56
2/9/2017 16:00:00,13.42
2/10/2017 16:00:00,13.58
2/13/2017 16:00:00,13.49
2/14/2017 16:00:00,13.26
2/15/2017 16:00:00,13.3
2/16/2017 16:00:00,12.97
2/17/2017 16:00:00,13.13
2/21/2017 16:00:00,14
2/22/2017 16:00:00,14.28
2/23/2017 16:00:00,14.32
2/24/2017 16:00:00,14.12
2/27/2017 16:00:00,15.2
2/28/2017 16:00:00,14.46
3/1/2017 16:00:00,14.96
3/2/2017 16:00:00,13.9
3/3/2017 16:00:00,13.03
3/6/2017 16:00:00,13.04
3/7/2017 16:00:00,13.05
3/8/2017 16:00:00,13.22
3/9/2017 16:00:00,13.33
3/10/2017 16:00:00,13.91
3/13/2017 16:00:00,14.28
3/14/2017 16:00:00,14.1
3/15/2017 16:00:00,13.98
3/16/2017 16:00:00,13.65
3/17/2017 16:00:00,13.49
3/20/2017 16:00:00,14.4
3/21/2017 16:00:00,13.82
3/22/2017 16:00:00,14.1
3/23/2017 16:00:00,13.79
3/24/2017 16:00:00,13.7
3/27/2017 16:00:00,13.7
3/28/2017 16:00:00,13.69
3/29/2017 16:00:00,13.71
3/30/2017 16:00:00,14.05
3/31/2017 16:00:00,14.55
4/3/2017 16:00:00,14.64
4/4/2017 16:00:00,14.16
4/5/2017 16:00:00,14.17
4/6/2017 16:00:00,13.27
4/7/2017 16:00:00,13.52
4/10/2017 16:00:00,13.1
4/11/2017 16:00:00,13.1
4/12/2017 16:00:00,12.76
4/13/2017 16:00:00,12.31
4/17/2017 16:00:00,12.79
4/18/2017 16:00:00,12.95
4/19/2017 16:00:00,12.84
4/20/2017 16:00:00,13.11
4/21/2017 16:00:00,13
4/24/2017 16:00:00,13.13
4/25/2017 16:00:00,13.49
4/26/2017 16:00:00,13.41
4/27/2017 16:00:00,13.62
4/28/2017 16:00:00,13.3
5/1/2017 16:00:00,13.62
5/2/2017 16:00:00,10.32
5/3/2017 16:00:00,10.39
5/4/2017 16:00:00,10.1
5/5/2017 16:00:00,10.19
5/8/2017 16:00:00,10.04
5/9/2017 16:00:00,10.18
5/10/2017 16:00:00,10.79
5/11/2017 16:00:00,11.07
5/12/2017 16:00:00,11.26
5/15/2017 16:00:00,11.42
5/16/2017 16:00:00,12.75
5/17/2017 16:00:00,11.2
5/18/2017 16:00:00,11.28
5/19/2017 16:00:00,11.41
5/22/2017 16:00:00,11.04
5/23/2017 16:00:00,10.89
5/24/2017 16:00:00,10.89
5/25/2017 16:00:00,10.98
5/26/2017 16:00:00,11
5/30/2017 16:00:00,11.12
5/31/2017 16:00:00,11.19
6/1/2017 16:00:00,10.93
6/2/2017 16:00:00,10.9
6/5/2017 16:00:00,11.24
6/6/2017 16:00:00,12.03
6/7/2017 16:00:00,12.38
6/8/2017 16:00:00,12.9
6/9/2017 16:00:00,12.28
6/12/2017 16:00:00,12.09
6/13/2017 16:00:00,11.96
6/14/2017 16:00:00,11.77
6/15/2017 16:00:00,11.5
6/16/2017 16:00:00,11.44
6/19/2017 16:00:00,11.93
6/20/2017 16:00:00,12.64
6/21/2017 16:00:00,13.98
6/22/2017 16:00:00,14.38
6/23/2017 16:00:00,14.17
6/26/2017 16:00:00,14.08
6/27/2017 16:00:00,13.4
6/28/2017 16:00:00,13.23
6/29/2017 16:00:00,12.6
6/30/2017 16:00:00,12.48
7/3/2017 16:00:00,12.15
7/5/2017 16:00:00,13.19
7/6/2017 16:00:00,13.02
7/7/2017 16:00:00,13.36
7/10/2017 16:00:00,13.81
7/11/2017 16:00:00,13.89
7/12/2017 16:00:00,14.29
7/13/2017 16:00:00,13.53
7/14/2017 16:00:00,13.92
7/17/2017 16:00:00,13.8
7/18/2017 16:00:00,13.48
7/19/2017 16:00:00,13.55
7/20/2017 16:00:00,13.8
7/21/2017 16:00:00,13.88
7/24/2017 16:00:00,14.16
7/25/2017 16:00:00,14.11
7/26/2017 16:00:00,14.76
7/27/2017 16:00:00,14.12
7/28/2017 16:00:00,13.95
7/31/2017 16:00:00,13.61
8/1/2017 16:00:00,13.71
8/2/2017 16:00:00,13.37
8/3/2017 16:00:00,13.24
8/4/2017 16:00:00,13.12
8/7/2017 16:00:00,13.43
8/8/2017 16:00:00,13.11
8/9/2017 16:00:00,12.83
8/10/2017 16:00:00,12.12
8/11/2017 16:00:00,12.23
8/14/2017 16:00:00,12.76
8/15/2017 16:00:00,13.02
8/16/2017 16:00:00,12.63
8/17/2017 16:00:00,12.34
8/18/2017 16:00:00,12.37
8/21/2017 16:00:00,12.05
8/22/2017 16:00:00,12.17
8/23/2017 16:00:00,12.48
8/24/2017 16:00:00,12.5
8/25/2017 16:00:00,12.43
8/28/2017 16:00:00,12.23
8/29/2017 16:00:00,12.15
8/30/2017 16:00:00,12.67
8/31/2017 16:00:00,13
9/1/2017 16:00:00,13.19
9/5/2017 16:00:00,12.92
9/6/2017 16:00:00,12.86
9/7/2017 16:00:00,12.63
9/8/2017 16:00:00,12.25
9/11/2017 16:00:00,12.55
9/12/2017 16:00:00,12.3
9/13/2017 16:00:00,12.22
9/14/2017 16:00:00,12.26
9/15/2017 16:00:00,12.52
9/18/2017 16:00:00,13.08
9/19/2017 16:00:00,13.12
9/20/2017 16:00:00,13.74
9/21/2017 16:00:00,13.41
9/22/2017 16:00:00,13.3
9/25/2017 16:00:00,12.61
9/26/2017 16:00:00,12.45
9/27/2017 16:00:00,12.74
9/28/2017 16:00:00,12.74
9/29/2017 16:00:00,12.75
10/2/2017 16:00:00,12.71
10/3/2017 16:00:00,13.42
10/4/2017 16:00:00,13.31
10/5/2017 16:00:00,13.34
10/6/2017 16:00:00,13.23
10/9/2017 16:00:00,13.47
10/10/2017 16:00:00,13.7
10/11/2017 16:00:00,13.88
10/12/2017 16:00:00,14.2
10/13/2017 16:00:00,14.22
10/16/2017 16:00:00,14.26
10/17/2017 16:00:00,14.16
10/18/2017 16:00:00,14.07
10/19/2017 16:00:00,13.95
10/20/2017 16:00:00,13.81
10/23/2017 16:00:00,14.1
10/24/2017 16:00:00,14.25
10/25/2017 16:00:00,12.33
10/26/2017 16:00:00,12.01
10/27/2017 16:00:00,11.84
10/30/2017 16:00:00,10.89
10/31/2017 16:00:00,10.99
11/1/2017 16:00:00,10.8
11/2/2017 16:00:00,10.85
11/3/2017 16:00:00,11.12
11/6/2017 16:00:00,11.93
11/7/2017 16:00:00,12.05
11/8/2017 16:00:00,11.71
11/9/2017 16:00:00,11.12
11/10/2017 16:00:00,11.26
11/13/2017 16:00:00,11.09
11/14/2017 16:00:00,11.12
11/15/2017 16:00:00,11.07
11/16/2017 16:00:00,11.25
11/17/2017 16:00:00,11.38
11/20/2017 16:00:00,11.34
11/21/2017 16:00:00,11.4
11/22/2017 16:00:00,11.37
11/24/2017 13:00:00,11.38
11/27/2017 16:00:00,11.55
11/28/2017 16:00:00,11.17
11/29/2017 16:00:00,10.83
11/30/2017 16:00:00,10.89
12/1/2017 16:00:00,10.73
12/4/2017 16:00:00,10.03
12/5/2017 16:00:00,9.91
12/6/2017 16:00:00,10
12/7/2017 16:00:00,10.04
12/8/2017 16:00:00,9.94
12/11/2017 16:00:00,10.16
12/12/2017 16:00:00,9.9
12/13/2017 16:00:00,10.11
12/14/2017 16:00:00,10.13
12/15/2017 16:00:00,10.29
12/18/2017 16:00:00,10.98
12/19/2017 16:00:00,10.95
12/20/2017 16:00:00,10.98
12/21/2017 16:00:00,10.89
12/22/2017 16:00:00,10.54
12/26/2017 16:00:00,10.46
12/27/2017 16:00:00,10.53
12/28/2017 16:00:00,10.55
12/29/2017 16:00:00,10.28
1/2/2018 16:00:00,10.98
1/3/2018 16:00:00,11.55
1/4/2018 16:00:00,12.12
1/5/2018 16:00:00,11.88
1/8/2018 16:00:00,12.28
1/9/2018 16:00:00,11.82
1/10/2018 16:00:00,11.96
1/11/2018 16:00:00,12.14
1/12/2018 16:00:00,12.02
1/16/2018 16:00:00,11.91
1/17/2018 16:00:00,12.18
1/18/2018 16:00:00,12.47
1/19/2018 16:00:00,12.59
1/22/2018 16:00:00,12.65
1/23/2018 16:00:00,12.94
1/24/2018 16:00:00,12.71
1/25/2018 16:00:00,12.41
1/26/2018 16:00:00,12.95
1/29/2018 16:00:00,13.32
1/30/2018 16:00:00,12.87
1/31/2018 16:00:00,13.74
2/1/2018 16:00:00,13.25
2/2/2018 16:00:00,12.45
2/5/2018 16:00:00,11.57
2/6/2018 16:00:00,11.65
2/7/2018 16:00:00,11.6
2/8/2018 16:00:00,11.22
2/9/2018 16:00:00,11.31
2/12/2018 16:00:00,11.68
2/13/2018 16:00:00,11.78
2/14/2018 16:00:00,12.2
2/15/2018 16:00:00,12.19
2/16/2018 16:00:00,11.82
2/20/2018 16:00:00,12.02
2/21/2018 16:00:00,11.72
2/22/2018 16:00:00,11.84
2/23/2018 16:00:00,12.07
2/26/2018 16:00:00,12.42
2/27/2018 16:00:00,12.53
2/28/2018 16:00:00,12.11
3/1/2018 16:00:00,11.9
3/2/2018 16:00:00,11.81
3/5/2018 16:00:00,11.91
3/6/2018 16:00:00,11.76
3/7/2018 16:00:00,12.24
3/8/2018 16:00:00,11.97
3/9/2018 16:00:00,11.7
3/12/2018 16:00:00,11.52
3/13/2018 16:00:00,11.64
3/14/2018 16:00:00,11.36
3/15/2018 16:00:00,11.46
3/16/2018 16:00:00,11.47
3/19/2018 16:00:00,11.43
3/20/2018 16:00:00,11.11
3/21/2018 16:00:00,11.26
3/22/2018 16:00:00,10.91
3/23/2018 16:00:00,10.63
3/26/2018 16:00:00,10.44
3/27/2018 16:00:00,10
3/28/2018 16:00:00,9.81
3/29/2018 16:00:00,10.05
4/2/2018 16:00:00,9.53
4/3/2018 16:00:00,9.55
4/4/2018 16:00:00,9.77
4/5/2018 16:00:00,10.02
4/6/2018 16:00:00,9.61
4/9/2018 16:00:00,9.53
4/10/2018 16:00:00,9.98
4/11/2018 16:00:00,9.82
4/12/2018 16:00:00,10.08
4/13/2018 16:00:00,9.93
4/16/2018 16:00:00,10.09
4/17/2018 16:00:00,10.52
4/18/2018 16:00:00,10.36
4/19/2018 16:00:00,10.11
4/20/2018 16:00:00,9.99
4/23/2018 16:00:00,10.04
4/24/2018 16:00:00,10.09
4/25/2018 16:00:00,9.71
4/26/2018 16:00:00,11.04
4/27/2018 16:00:00,11.11
4/30/2018 16:00:00,10.88
5/1/2018 16:00:00,11.13
5/2/2018 16:00:00,10.97
5/3/2018 16:00:00,10.93
5/4/2018 16:00:00,11.28
5/7/2018 16:00:00,11.59
5/8/2018 16:00:00,11.61
5/9/2018 16:00:00,11.95
5/10/2018 16:00:00,12.13
5/11/2018 16:00:00,11.95
5/14/2018 16:00:00,12.23
5/15/2018 16:00:00,12.45
5/16/2018 16:00:00,12.82
5/17/2018 16:00:00,12.82
5/18/2018 16:00:00,12.82
5/21/2018 16:00:00,12.99
5/22/2018 16:00:00,12.98
5/23/2018 16:00:00,13.1
5/24/2018 16:00:00,13.41
5/25/2018 16:00:00,13.54
5/29/2018 16:00:00,13.36
5/30/2018 16:00:00,13.82
5/31/2018 16:00:00,13.73
6/1/2018 16:00:00,14.4
6/4/2018 16:00:00,14.85
6/5/2018 16:00:00,14.85
6/6/2018 16:00:00,15.67
6/7/2018 16:00:00,14.89
6/8/2018 16:00:00,15.25
6/11/2018 16:00:00,15.73
6/12/2018 16:00:00,15.85
6/13/2018 16:00:00,16.32
6/14/2018 16:00:00,16.25
6/15/2018 16:00:00,16.34
6/18/2018 16:00:00,17.11
6/19/2018 16:00:00,16.69
6/20/2018 16:00:00,16.52
6/21/2018 16:00:00,15.65
6/22/2018 16:00:00,15.8
6/25/2018 16:00:00,15.11
6/26/2018 16:00:00,15.5
6/27/2018 16:00:00,14.97
6/28/2018 16:00:00,15.31
6/29/2018 16:00:00,14.99
7/2/2018 16:00:00,15.16
7/3/2018 13:00:00,15
7/5/2018 16:00:00,15.5
7/6/2018 16:00:00,16.36
7/9/2018 16:00:00,16.61
7/10/2018 16:00:00,16.55
7/11/2018 16:00:00,16.27
7/12/2018 16:00:00,16.56
7/13/2018 16:00:00,16.27
7/16/2018 16:00:00,16.58
7/17/2018 16:00:00,16.87
7/18/2018 16:00:00,16.85
7/19/2018 16:00:00,16.71
7/20/2018 16:00:00,16.5
7/23/2018 16:00:00,16.66
7/24/2018 16:00:00,16.19
7/25/2018 16:00:00,16.05
7/26/2018 16:00:00,18.35
7/27/2018 16:00:00,18.94
7/30/2018 16:00:00,19.42
7/31/2018 16:00:00,18.33
8/1/2018 16:00:00,18.48
8/2/2018 16:00:00,18.79
8/3/2018 16:00:00,18.49
8/6/2018 16:00:00,19.43
8/7/2018 16:00:00,19.56
8/8/2018 16:00:00,19.58
8/9/2018 16:00:00,19.1
8/10/2018 16:00:00,19.06
8/13/2018 16:00:00,19.73
8/14/2018 16:00:00,20.02
8/15/2018 16:00:00,19.7
8/16/2018 16:00:00,19.33
8/17/2018 16:00:00,19.77
8/20/2018 16:00:00,19.98
8/21/2018 16:00:00,20.4
8/22/2018 16:00:00,20.9
8/23/2018 16:00:00,22.29
8/24/2018 16:00:00,23.98
8/27/2018 16:00:00,25.26
8/28/2018 16:00:00,25.05
8/29/2018 16:00:00,25.2
8/30/2018 16:00:00,24.89
8/31/2018 16:00:00,25.17
9/4/2018 16:00:00,28.06
9/5/2018 16:00:00,28.51
9/6/2018 16:00:00,27.84
9/7/2018 16:00:00,27.38
9/10/2018 16:00:00,29.89
9/11/2018 16:00:00,30.1
9/12/2018 16:00:00,32.21
9/13/2018 16:00:00,30.48
9/14/2018 16:00:00,32.72
9/17/2018 16:00:00,32.43
9/18/2018 16:00:00,31.93
9/19/2018 16:00:00,31.21
9/20/2018 16:00:00,31.18
9/21/2018 16:00:00,31.02
9/24/2018 16:00:00,32.61
9/25/2018 16:00:00,32.57
9/26/2018 16:00:00,32.19
9/27/2018 16:00:00,32.59
9/28/2018 16:00:00,30.89
10/1/2018 16:00:00,31.42
10/2/2018 16:00:00,29.02
10/3/2018 16:00:00,28.43
10/4/2018 16:00:00,27.78
10/5/2018 16:00:00,27.35
10/8/2018 16:00:00,26.46
10/9/2018 16:00:00,27.24
10/10/2018 16:00:00,25
10/11/2018 16:00:00,25.3
10/12/2018 16:00:00,26.34
10/15/2018 16:00:00,26.26
10/16/2018 16:00:00,28.18
10/17/2018 16:00:00,27.3
10/18/2018 16:00:00,26.62
10/19/2018 16:00:00,23.66
10/22/2018 16:00:00,25.03
10/23/2018 16:00:00,25.09
10/24/2018 16:00:00,22.79
10/25/2018 16:00:00,19.27
10/26/2018 16:00:00,17.63
10/29/2018 16:00:00,16.85
10/30/2018 16:00:00,17.2
10/31/2018 16:00:00,18.21
11/1/2018 16:00:00,20.22
11/2/2018 16:00:00,20.23
11/5/2018 16:00:00,19.9
11/6/2018 16:00:00,20.68
11/7/2018 16:00:00,21.84
11/8/2018 16:00:00,21.2
11/9/2018 16:00:00,21.03
11/12/2018 16:00:00,19.03
11/13/2018 16:00:00,19.61
11/14/2018 16:00:00,20.81
11/15/2018 16:00:00,21.49
11/16/2018 16:00:00,20.66
11/19/2018 16:00:00,19.11
11/20/2018 16:00:00,19.21
11/21/2018 16:00:00,18.73
11/23/2018 13:00:00,19.38
11/26/2018 16:00:00,20.08
11/27/2018 16:00:00,21.05
11/28/2018 16:00:00,21.34
11/29/2018 16:00:00,21.43
11/30/2018 16:00:00,21.3
12/3/2018 16:00:00,23.71
12/4/2018 16:00:00,21.12
12/6/2018 16:00:00,21.3
12/7/2018 16:00:00,19.46
12/10/2018 16:00:00,19.99
12/11/2018 16:00:00,19.98
12/12/2018 16:00:00,20.48
12/13/2018 16:00:00,19.86
12/14/2018 16:00:00,19.9
12/17/2018 16:00:00,18.83
12/18/2018 16:00:00,19.5
12/19/2018 16:00:00,18.16
12/20/2018 16:00:00,17.94
12/21/2018 16:00:00,16.93
12/24/2018 13:00:00,16.65
12/26/2018 16:00:00,17.9
12/27/2018 16:00:00,17.49
12/28/2018 16:00:00,17.82
12/31/2018 16:00:00,18.46
1/2/2019 16:00:00,18.83
1/3/2019 16:00:00,17.05
1/4/2019 16:00:00,19
1/7/2019 16:00:00,20.57
1/8/2019 16:00:00,20.75
1/9/2019 16:00:00,20.19
1/10/2019 16:00:00,19.74
1/11/2019 16:00:00,20.27
1/14/2019 16:00:00,20.23
1/15/2019 16:00:00,20.38
1/16/2019 16:00:00,19.73
1/17/2019 16:00:00,20.25
1/18/2019 16:00:00,20.77
1/22/2019 16:00:00,19.76
1/23/2019 16:00:00,19.8
1/24/2019 16:00:00,20.85
1/25/2019 16:00:00,21.93
1/28/2019 16:00:00,20.18
1/29/2019 16:00:00,19.25
1/30/2019 16:00:00,23.09
1/31/2019 16:00:00,24.41
2/1/2019 16:00:00,24.51
2/4/2019 16:00:00,24.13
2/5/2019 16:00:00,23.31
2/6/2019 16:00:00,23.26
2/7/2019 16:00:00,22.67
2/8/2019 16:00:00,23.05
2/11/2019 16:00:00,22.96
2/12/2019 16:00:00,22.82
2/13/2019 16:00:00,22.85
2/14/2019 16:00:00,23.13
2/15/2019 16:00:00,23.68
2/19/2019 16:00:00,23.95
2/20/2019 16:00:00,23.95
2/21/2019 16:00:00,23.92
2/22/2019 16:00:00,24.36
2/25/2019 16:00:00,24.71
2/26/2019 16:00:00,24.21
2/27/2019 16:00:00,23.48
2/28/2019 16:00:00,23.53
3/1/2019 16:00:00,23.68
3/4/2019 16:00:00,23.37
3/5/2019 16:00:00,23.5
3/6/2019 16:00:00,22.41
3/7/2019 16:00:00,22.08
3/8/2019 16:00:00,22.01
3/11/2019 16:00:00,22.96
3/12/2019 16:00:00,23.49
3/13/2019 16:00:00,23.38
3/14/2019 16:00:00,22.82
3/15/2019 16:00:00,23.29
3/18/2019 16:00:00,23.25
3/19/2019 16:00:00,26
3/20/2019 16:00:00,25.7
3/21/2019 16:00:00,27.89
3/22/2019 16:00:00,26.37
3/25/2019 16:00:00,25.97
3/26/2019 16:00:00,25.69
3/27/2019 16:00:00,24.89
3/28/2019 16:00:00,25.06
3/29/2019 16:00:00,25.52
4/1/2019 16:00:00,26.36
4/2/2019 16:00:00,26.75
4/3/2019 16:00:00,29.02
4/4/2019 16:00:00,29.09
4/5/2019 16:00:00,28.98
4/8/2019 16:00:00,28.53
4/9/2019 16:00:00,27.24
4/10/2019 16:00:00,27.83
4/11/2019 16:00:00,27.79
4/12/2019 16:00:00,27.85
4/15/2019 16:00:00,27.33
4/16/2019 16:00:00,27.93
4/17/2019 16:00:00,27.49
4/18/2019 16:00:00,27.68
4/22/2019 16:00:00,28.18
4/23/2019 16:00:00,27.97
4/24/2019 16:00:00,28.46
4/25/2019 16:00:00,27.66
4/26/2019 16:00:00,27.88
4/29/2019 16:00:00,27.69
4/30/2019 16:00:00,27.63
5/1/2019 16:00:00,26.81
5/2/2019 16:00:00,28.29
5/3/2019 16:00:00,28.22
5/6/2019 16:00:00,27.42
5/7/2019 16:00:00,26.66
5/8/2019 16:00:00,27.09
5/9/2019 16:00:00,27.21
5/10/2019 16:00:00,27.96
5/13/2019 16:00:00,26.24
5/14/2019 16:00:00,27.32
5/15/2019 16:00:00,27.58
5/16/2019 16:00:00,28.01
5/17/2019 16:00:00,27.5
5/20/2019 16:00:00,26.68
5/21/2019 16:00:00,27.35
5/22/2019 16:00:00,27.41
5/23/2019 16:00:00,26.36
5/24/2019 16:00:00,26.44
5/28/2019 16:00:00,29.03
5/29/2019 16:00:00,28.09
5/30/2019 16:00:00,28.03
5/31/2019 16:00:00,27.41
6/3/2019 16:00:00,27.58
6/4/2019 16:00:00,29.57
6/5/2019 16:00:00,29.5
6/6/2019 16:00:00,31.82
6/7/2019 16:00:00,32.41
6/10/2019 16:00:00,33.23
6/11/2019 16:00:00,32.41
6/12/2019 16:00:00,32.18
6/13/2019 16:00:00,31.39
6/14/2019 16:00:00,30.36
6/17/2019 16:00:00,29.2
6/18/2019 16:00:00,30.45
6/19/2019 16:00:00,30.5
6/20/2019 16:00:00,30.01
6/21/2019 16:00:00,29.1
6/24/2019 16:00:00,29.26
6/25/2019 16:00:00,28.86
6/26/2019 16:00:00,29.92
6/27/2019 16:00:00,30.74
6/28/2019 16:00:00,30.37
7/1/2019 16:00:00,31.2
7/2/2019 16:00:00,31.24
7/3/2019 13:00:00,31.19
7/5/2019 16:00:00,31.5
7/8/2019 16:00:00,32.04
7/9/2019 16:00:00,33.15
7/10/2019 16:00:00,33.79
7/11/2019 16:00:00,33.06
7/12/2019 16:00:00,33.21
7/15/2019 16:00:00,34.39
7/16/2019 16:00:00,33.85
7/17/2019 16:00:00,33.6
7/18/2019 16:00:00,33
7/19/2019 16:00:00,32.51
7/22/2019 16:00:00,32.85
7/23/2019 16:00:00,33.49
7/24/2019 16:00:00,34.11
7/25/2019 16:00:00,33.67
7/26/2019 16:00:00,34.02
7/29/2019 16:00:00,33.48
7/30/2019 16:00:00,33.87
7/31/2019 16:00:00,30.45
8/1/2019 16:00:00,29.86
8/2/2019 16:00:00,29.44
8/5/2019 16:00:00,27.99
8/6/2019 16:00:00,28.86
8/7/2019 16:00:00,29.19
8/8/2019 16:00:00,33.92
8/9/2019 16:00:00,34.19
8/12/2019 16:00:00,32.43
8/13/2019 16:00:00,32.11
8/14/2019 16:00:00,30.24
8/15/2019 16:00:00,29.67
8/16/2019 16:00:00,31.18
8/19/2019 16:00:00,31.48
8/20/2019 16:00:00,30.72
8/21/2019 16:00:00,31.7
8/22/2019 16:00:00,31.9
8/23/2019 16:00:00,29.54
8/26/2019 16:00:00,30.28
8/27/2019 16:00:00,30.2
8/28/2019 16:00:00,30.78
8/29/2019 16:00:00,31.45
8/30/2019 16:00:00,31.45
9/3/2019 16:00:00,30.9
9/4/2019 16:00:00,30.95
9/5/2019 16:00:00,31.5
9/6/2019 16:00:00,30.56
9/9/2019 16:00:00,30.5
9/10/2019 16:00:00,30.23
9/11/2019 16:00:00,29.76
9/12/2019 16:00:00,30.21
9/13/2019 16:00:00,30.69
9/16/2019 16:00:00,30.83
9/17/2019 16:00:00,30.99
9/18/2019 16:00:00,30.42
9/19/2019 16:00:00,30.29
9/20/2019 16:00:00,30.05
9/23/2019 16:00:00,30.64
9/24/2019 16:00:00,29.52
9/25/2019 16:00:00,29.54
9/26/2019 16:00:00,29.47
9/27/2019 16:00:00,28.72
9/30/2019 16:00:00,28.99
10/1/2019 16:00:00,28.76
10/2/2019 16:00:00,28.31
10/3/2019 16:00:00,28.68
10/4/2019 16:00:00,29.01
10/7/2019 16:00:00,28.93
10/8/2019 16:00:00,28.23
10/9/2019 16:00:00,28.46
10/10/2019 16:00:00,28.38
10/11/2019 16:00:00,29.75
10/14/2019 16:00:00,30.53
10/15/2019 16:00:00,30.72
10/16/2019 16:00:00,30.81
10/17/2019 16:00:00,31.14
10/18/2019 16:00:00,30.97
10/21/2019 16:00:00,32.03
10/22/2019 16:00:00,31.51
10/23/2019 16:00:00,31.36
10/24/2019 16:00:00,31.72
10/25/2019 16:00:00,32.71
10/28/2019 16:00:00,33.69
10/29/2019 16:00:00,33.03
10/30/2019 16:00:00,33.13
10/31/2019 16:00:00,33.93
11/1/2019 16:00:00,34.89
11/4/2019 16:00:00,36.29
11/5/2019 16:00:00,36.15
11/6/2019 16:00:00,35.93
11/7/2019 16:00:00,36.28
11/8/2019 16:00:00,36.29
11/11/2019 16:00:00,36.31
11/12/2019 16:00:00,36.71
11/13/2019 16:00:00,37.52
11/14/2019 16:00:00,38.35
11/15/2019 16:00:00,38.56
11/18/2019 16:00:00,39.88
11/19/2019 16:00:00,41.29
11/20/2019 16:00:00,40.98
11/21/2019 16:00:00,39.52
11/22/2019 16:00:00,39.15
11/25/2019 16:00:00,39.79
11/26/2019 16:00:00,38.99
11/27/2019 16:00:00,39.41
11/29/2019 13:00:00,39.15
12/2/2019 16:00:00,38.73
12/3/2019 16:00:00,38.9
12/4/2019 16:00:00,39.69
12/5/2019 16:00:00,39.62
12/6/2019 16:00:00,39.63
12/9/2019 16:00:00,38.93
12/10/2019 16:00:00,39.44
12/11/2019 16:00:00,39.47
12/12/2019 16:00:00,42.59
12/13/2019 16:00:00,41.15
12/16/2019 16:00:00,42.35
12/17/2019 16:00:00,42.77
12/18/2019 16:00:00,42.3
12/19/2019 16:00:00,42.83
12/20/2019 16:00:00,44.15
12/23/2019 16:00:00,45.46
12/24/2019 13:00:00,46.54
12/26/2019 16:00:00,46.63
12/27/2019 16:00:00,46.18
12/30/2019 16:00:00,45.52
12/31/2019 16:00:00,45.86
